{"rewards": [2.238095238095238, 2.159090909090909, 2.0, 1.8125, 1.65, 1.56, 1.67, 1.72, 1.76, 1.72, 1.87, 2.01, 2.02, 2.1, 2.12, 2.08, 2.09, 2.3, 2.39, 2.31, 2.42, 2.58, 2.5, 2.46, 2.37, 2.14, 2.01, 2.06, 2.01, 1.9, 1.71, 1.65, 1.47, 1.61, 1.75, 1.71, 1.84, 1.9, 2.03, 2.15, 2.22, 2.35, 2.32, 2.15, 2.24, 2.19, 2.31, 2.25, 2.15, 2.13, 1.9, 1.91, 2.0, 2.01, 2.19, 2.31, 2.45, 2.17, 2.05, 1.88, 1.68, 1.95, 1.9, 2.02, 2.04, 1.98, 2.25, 2.26, 2.06, 1.93, 2.03, 2.15, 2.26, 2.49, 2.52, 2.17, 2.12, 2.09, 2.13, 2.19, 2.33, 2.09, 2.1, 2.0, 1.97, 2.27, 2.3, 2.34, 2.28, 2.36, 2.29, 2.17, 2.35, 2.34, 2.19, 2.15, 2.18, 2.07, 2.11, 2.25, 2.17, 2.16, 2.09, 1.8, 1.71, 1.92, 1.9, 2.02, 2.18, 2.16, 2.04, 2.12, 2.2, 2.17, 2.16, 2.1, 1.94, 1.82, 2.04, 2.15, 2.11, 2.13, 2.03, 1.91, 2.01, 1.88, 1.93, 1.81, 1.9, 1.99, 2.07, 2.26, 2.24, 2.35, 2.29, 2.14, 2.22, 2.12, 2.03, 2.01, 1.84, 1.81, 1.77, 1.84, 1.88, 1.94, 2.12, 1.9, 1.98, 2.1, 1.96, 2.22, 2.39, 2.25, 2.14, 2.02, 2.0, 2.1, 2.11, 2.13, 1.87, 1.87, 1.84, 1.75, 1.99, 2.08, 2.07, 2.07, 1.96, 1.98, 1.93, 2.04, 2.19, 2.07, 2.3, 2.11, 1.74, 1.51, 1.41, 1.59, 1.7, 1.75, 1.81, 1.74, 1.63, 1.7, 1.79, 1.86, 1.96, 2.1, 2.05, 1.94, 2.1, 2.07, 2.02, 2.08, 2.01, 2.21, 2.21, 2.34], "episode_lengths": [248.1904761904762, 246.63636363636363, 241.08695652173913, 234.41666666666666, 229.03, 226.53, 230.38, 232.44, 234.4, 232.79, 236.96, 240.19, 240.95, 243.56, 244.49, 245.7, 242.88, 249.17, 250.25, 246.61, 249.74, 254.37, 253.07, 250.53, 246.75, 239.14, 233.86, 236.42, 235.72, 231.92, 225.73, 225.46, 217.47, 221.86, 228.2, 225.68, 229.53, 231.3, 233.91, 239.06, 241.32, 245.74, 244.42, 238.26, 242.48, 241.81, 245.66, 244.29, 242.86, 243.14, 234.2, 234.88, 238.02, 237.16, 244.8, 251.44, 255.91, 243.21, 238.84, 230.54, 224.49, 234.38, 232.99, 239.5, 238.37, 236.58, 248.63, 248.81, 241.63, 237.21, 235.96, 238.93, 241.16, 250.34, 251.85, 244.02, 242.34, 241.32, 242.5, 244.4, 246.34, 239.4, 240.06, 236.47, 238.33, 248.06, 248.25, 250.86, 247.77, 253.06, 250.53, 244.81, 250.33, 249.32, 241.9, 240.22, 242.63, 239.48, 241.39, 247.0, 243.58, 244.6, 241.82, 231.43, 228.63, 238.61, 238.14, 242.94, 248.13, 247.15, 241.34, 244.24, 247.45, 245.47, 246.34, 243.51, 236.8, 232.7, 242.01, 244.46, 243.43, 245.61, 241.95, 236.46, 240.14, 235.78, 237.07, 234.3, 237.34, 238.57, 241.24, 247.42, 246.85, 250.66, 247.3, 242.31, 245.31, 240.4, 237.15, 237.99, 231.59, 231.24, 230.86, 232.87, 234.4, 236.01, 243.1, 234.8, 238.97, 245.3, 240.49, 250.92, 255.78, 249.91, 246.45, 241.95, 241.5, 245.64, 248.34, 248.27, 239.15, 239.42, 237.25, 231.86, 239.5, 242.33, 240.53, 241.32, 236.57, 237.94, 235.85, 238.99, 245.73, 242.05, 251.36, 244.42, 229.77, 219.38, 212.58, 219.55, 224.76, 228.82, 230.73, 228.51, 225.18, 227.48, 233.67, 236.0, 240.53, 244.27, 240.94, 237.03, 241.72, 242.09, 241.17, 243.84, 242.4, 251.24, 250.25, 254.32]}