{"rewards": [2.238095238095238, 2.159090909090909, 2.0, 1.8125, 1.65, 1.56, 1.67, 1.72, 1.76, 1.72, 1.76, 1.77, 1.82, 1.97, 1.94, 2.01, 2.57, 3.12, 3.86, 4.51, 5.31, 6.14, 6.91, 7.79, 8.54, 9.25, 10.07, 10.49, 10.93, 11.33, 11.56, 11.93, 12.3, 12.91, 13.14, 13.44, 14.03, 14.14, 14.42, 14.53, 15.13, 15.08, 15.61, 15.87, 15.96, 16.06, 16.29, 16.32, 15.95, 16.26, 16.79, 16.98, 16.91, 17.44, 17.77, 17.8, 17.61, 17.53, 17.91, 18.24, 18.88, 18.95, 19.22, 19.35, 19.8, 20.18, 20.02, 20.19, 20.02, 20.04, 19.75, 19.91, 20.29, 20.12, 20.79, 20.33, 20.37, 20.05, 20.07, 20.21, 20.13, 20.16, 19.79, 20.04, 19.78, 20.05, 20.51, 20.55, 20.41, 20.49, 20.51, 20.42, 20.66, 20.85, 20.92, 20.99, 20.99, 20.87, 21.07, 21.16, 21.53, 21.62, 22.09, 22.49, 22.47, 22.58, 22.34, 22.72, 22.74, 22.81, 22.68, 22.7, 22.48, 22.97, 22.88, 23.26, 23.12, 23.05, 22.81, 22.47, 22.43, 22.3, 22.03, 21.42, 21.43, 21.21, 21.6, 21.87, 21.67, 21.67, 21.75, 22.04, 22.17, 22.33, 22.29, 22.64, 22.78, 23.04, 23.26, 23.12, 23.02, 23.23, 23.38, 23.62, 23.55, 22.85, 22.9, 23.5, 23.52, 23.77, 23.56, 23.4, 23.23, 23.29, 23.24, 22.77, 22.51, 22.52, 22.67, 22.82, 22.57, 22.27, 22.12, 22.23, 22.25, 21.55, 21.81, 21.58, 21.53, 21.77, 21.49, 21.57, 21.54, 21.42, 21.57, 21.26, 21.29, 21.26, 21.56, 21.9, 22.16, 22.53, 22.44, 22.5, 22.82, 22.76, 22.9, 23.11, 23.17, 23.6, 23.5, 23.36, 23.67, 23.91, 23.89, 24.35, 24.34, 24.32, 24.85, 24.49], "episode_lengths": [248.1904761904762, 246.63636363636363, 241.08695652173913, 234.41666666666666, 229.03, 226.53, 230.38, 232.44, 234.4, 232.79, 232.86, 231.52, 232.28, 237.73, 236.83, 238.53, 258.75, 277.49, 297.24, 319.7, 342.19, 369.42, 391.56, 420.51, 443.51, 470.05, 495.15, 508.31, 520.15, 535.9, 547.54, 556.67, 567.74, 585.59, 595.59, 607.13, 622.01, 624.35, 633.42, 635.44, 649.3, 650.89, 663.21, 672.66, 673.16, 673.29, 681.32, 680.45, 674.68, 682.63, 694.27, 694.25, 691.16, 699.36, 705.63, 703.21, 703.13, 699.86, 706.63, 713.89, 725.19, 730.68, 734.2, 737.4, 745.82, 750.76, 744.31, 746.56, 747.15, 751.84, 747.36, 749.71, 757.91, 752.97, 764.44, 757.83, 756.25, 748.13, 745.25, 746.62, 743.68, 748.18, 747.95, 757.33, 755.51, 762.53, 768.58, 770.55, 770.53, 771.53, 771.69, 770.67, 778.41, 783.28, 782.52, 786.89, 786.53, 788.26, 794.55, 791.04, 793.34, 793.07, 799.46, 803.92, 800.37, 800.88, 794.89, 801.6, 805.51, 809.65, 805.52, 807.33, 803.58, 812.79, 810.01, 814.43, 811.17, 815.22, 810.69, 806.73, 802.28, 805.53, 802.98, 796.77, 797.67, 793.72, 799.64, 804.78, 800.38, 800.9, 802.54, 806.52, 809.9, 814.18, 816.05, 822.37, 821.05, 826.01, 831.96, 826.57, 822.15, 825.0, 829.26, 835.64, 835.6, 822.05, 822.26, 829.67, 828.84, 831.53, 827.84, 824.34, 822.74, 822.44, 822.97, 813.47, 807.21, 810.6, 818.86, 821.03, 813.55, 801.88, 799.21, 804.47, 805.33, 793.11, 800.92, 794.48, 794.44, 798.62, 797.07, 796.7, 796.87, 791.89, 795.22, 785.77, 784.81, 785.63, 793.07, 799.57, 807.45, 811.5, 806.78, 808.4, 815.41, 812.87, 818.68, 821.2, 820.76, 827.04, 827.44, 824.77, 831.47, 839.04, 837.9, 853.0, 847.47, 846.53, 858.06, 848.93]}