{"rewards": [2.238095238095238, 2.159090909090909, 2.0, 1.8125, 1.65, 1.56, 1.67, 1.72, 1.76, 1.72, 1.67, 1.69, 1.71, 1.79, 1.84, 1.89, 1.86, 2.13, 2.24, 2.52, 3.06, 3.68, 4.09, 4.34, 4.73, 5.0, 5.1, 5.31, 5.51, 6.02, 6.37, 6.88, 7.27, 7.75, 8.09, 8.33, 8.46, 8.78, 9.01, 8.94, 8.84, 8.62, 8.39, 8.23, 8.27, 8.34, 8.12, 8.24, 8.31, 8.53, 8.77, 8.79, 8.93, 9.22, 9.35, 9.43, 9.73, 9.92, 9.74, 9.96, 9.83, 9.82, 9.71, 9.7, 9.7, 9.8, 9.97, 10.08, 10.11, 10.02, 10.22, 10.22, 10.17, 10.42, 10.58, 10.54, 10.57, 10.55, 10.32, 10.23, 10.32, 10.2, 10.18, 10.43, 10.35, 10.24, 10.23, 10.08, 10.07, 10.24, 10.08, 9.89, 10.02, 10.09, 10.14, 10.09, 10.31, 10.34, 10.35, 10.15, 10.21, 10.4, 10.47, 10.5, 10.47, 10.26, 10.23, 9.95, 9.7, 9.58, 9.84, 9.9, 9.77, 10.01, 9.55, 9.66, 9.7, 9.65, 10.05, 10.2, 10.4, 10.36, 10.26, 10.37, 10.3, 10.43, 10.53, 10.52, 10.88, 10.94, 10.81, 10.91, 10.73, 10.75, 10.59, 10.76, 11.02, 11.27, 11.15, 11.46, 11.24, 11.18, 11.38, 11.52, 11.46, 11.54, 11.89, 11.88, 11.65, 11.73, 11.56, 11.26, 11.04, 11.06, 10.87, 10.82, 10.64, 10.37, 10.13, 10.27, 10.42, 10.52, 10.58, 10.68, 10.8, 10.87, 10.94, 11.14, 11.37, 11.5, 11.8, 11.89, 11.78, 11.83, 12.05, 12.12, 11.99, 12.26, 12.15, 12.12, 12.24, 12.23, 12.64, 12.82, 12.6, 12.64, 12.68, 12.47, 12.69, 12.74, 12.77, 12.86, 12.7, 12.85, 12.94, 12.78, 12.6, 12.72, 12.81, 12.9], "episode_lengths": [248.1904761904762, 246.63636363636363, 241.08695652173913, 234.41666666666666, 229.03, 226.53, 230.38, 232.44, 234.4, 232.79, 229.89, 230.77, 231.59, 234.31, 234.98, 237.08, 233.08, 238.07, 241.17, 247.93, 261.47, 279.59, 294.17, 301.68, 310.92, 320.37, 327.05, 334.75, 342.45, 357.19, 369.88, 386.76, 401.38, 419.44, 433.92, 444.7, 450.03, 461.45, 470.76, 469.08, 468.07, 465.8, 461.95, 452.06, 449.67, 454.09, 447.7, 450.44, 452.45, 459.43, 465.85, 466.63, 469.47, 479.5, 485.63, 485.92, 490.96, 498.74, 489.6, 495.34, 488.0, 485.65, 478.42, 479.61, 480.94, 486.03, 488.75, 495.09, 491.47, 493.83, 495.77, 498.86, 498.21, 507.41, 510.56, 508.81, 508.44, 508.88, 500.03, 496.69, 502.26, 497.5, 501.31, 507.73, 503.36, 502.66, 501.85, 495.0, 499.39, 504.76, 503.01, 494.89, 499.91, 499.39, 502.81, 501.27, 508.24, 508.14, 511.37, 503.47, 506.17, 509.13, 511.92, 516.25, 515.35, 509.67, 506.59, 496.57, 491.01, 484.69, 495.64, 498.38, 495.49, 501.47, 488.06, 492.73, 494.88, 492.47, 503.67, 506.65, 511.15, 511.1, 510.03, 512.89, 511.27, 510.93, 510.87, 509.47, 520.36, 523.62, 522.39, 527.36, 524.51, 525.79, 520.31, 526.32, 533.81, 542.26, 542.05, 550.23, 542.27, 540.26, 546.67, 550.13, 546.45, 549.73, 556.98, 557.09, 553.67, 556.42, 550.31, 541.0, 533.61, 535.54, 525.96, 525.26, 518.24, 512.46, 508.25, 511.84, 516.41, 521.25, 529.0, 534.03, 536.74, 539.4, 543.9, 550.11, 558.95, 563.15, 570.57, 573.32, 567.29, 565.03, 571.64, 574.04, 571.65, 580.61, 581.44, 579.16, 584.45, 584.27, 593.22, 596.85, 589.13, 593.51, 600.52, 594.67, 595.08, 597.05, 595.41, 593.45, 586.44, 586.92, 588.7, 584.57, 581.2, 582.07, 583.52, 583.39]}