{"rewards": [2.238095238095238, 2.159090909090909, 2.0, 1.8125, 1.65, 1.56, 1.67, 1.72, 1.76, 1.72, 1.81, 1.85, 1.96, 1.96, 2.02, 1.96, 2.0, 2.02, 2.18, 2.31, 2.26, 2.39, 2.31, 2.02, 2.04, 1.9, 1.64, 1.88, 1.8, 1.95, 2.21, 1.98, 1.96, 2.0, 2.23, 2.39, 2.54, 2.31, 2.19, 2.22, 2.43, 2.61, 2.79, 2.93, 3.2, 3.27, 3.57, 3.7, 4.12, 4.25, 4.06, 4.03, 4.14, 4.3, 4.61, 4.91, 4.92, 5.16, 5.27, 5.37, 5.5, 5.16, 5.12, 5.3, 5.41, 5.28, 5.47, 5.32, 5.6, 5.33, 5.43, 5.46, 5.22, 5.19, 5.08, 5.25, 5.01, 5.15, 5.12, 5.35, 5.36, 5.48, 5.22, 5.45, 5.18, 5.07, 5.15, 5.06, 4.9, 4.94, 4.88, 4.92, 4.87, 4.95, 4.84, 4.83, 4.91, 5.03, 5.35, 5.22, 5.4, 5.34, 5.22, 5.05, 4.82, 4.65, 4.66, 4.87, 4.93, 5.09, 5.23, 5.28, 5.37, 5.36, 5.17, 5.12, 4.99, 5.04, 5.19, 5.19, 5.38, 5.56, 5.59, 5.82, 5.96, 5.9, 5.88, 5.61, 5.52, 5.51, 5.39, 5.31, 5.36, 5.51, 5.51, 5.61, 5.81, 5.83, 6.06, 5.94, 5.75, 5.76, 5.7, 5.78, 5.75, 5.84, 5.88, 5.98, 6.14, 6.31, 6.32, 6.44, 6.63, 6.9, 6.83, 6.84, 6.86, 6.68, 6.65, 6.61, 6.4, 6.38, 6.37, 6.75, 6.99, 7.05, 7.28, 7.23, 7.14, 7.07, 7.14, 6.7, 6.21, 6.08, 5.93, 6.15, 6.28, 5.95, 6.34, 6.45, 6.79, 6.93, 7.22, 7.42, 7.51, 7.71, 7.95, 7.8, 7.93, 7.93, 7.99, 7.97, 7.77, 7.79, 7.73, 7.91, 7.84, 7.56, 7.64, 7.83], "episode_lengths": [248.1904761904762, 246.63636363636363, 241.08695652173913, 234.41666666666666, 229.03, 226.53, 230.38, 232.44, 234.4, 232.79, 235.25, 235.64, 239.99, 237.41, 238.96, 236.02, 237.94, 238.11, 245.53, 252.74, 250.43, 253.94, 252.07, 240.63, 244.22, 239.83, 231.34, 236.47, 230.66, 236.11, 244.5, 239.43, 238.69, 238.99, 245.34, 248.22, 251.07, 244.06, 237.87, 236.35, 240.94, 246.97, 250.77, 255.82, 263.25, 265.83, 273.96, 281.32, 292.94, 297.7, 295.6, 294.76, 298.53, 303.05, 314.11, 324.64, 327.98, 339.18, 341.92, 343.96, 350.75, 340.49, 333.45, 337.91, 343.43, 341.96, 346.73, 340.28, 348.3, 340.37, 342.04, 339.89, 333.13, 332.43, 331.48, 335.9, 328.68, 333.23, 335.52, 340.36, 344.08, 345.54, 340.42, 349.59, 342.82, 341.33, 339.09, 335.1, 329.47, 329.07, 320.69, 321.59, 322.1, 324.18, 321.97, 320.55, 327.85, 335.25, 342.7, 340.48, 346.22, 346.64, 344.07, 338.84, 334.07, 328.54, 332.27, 338.77, 338.88, 344.52, 348.35, 351.06, 351.52, 351.38, 344.64, 343.14, 337.07, 335.85, 341.57, 343.02, 347.66, 352.36, 355.63, 363.81, 366.74, 369.45, 368.65, 358.7, 353.31, 353.52, 348.77, 349.29, 352.12, 356.29, 357.16, 362.58, 368.23, 364.03, 370.84, 366.26, 361.38, 360.79, 362.04, 364.09, 364.3, 369.49, 372.62, 374.97, 379.27, 384.4, 385.62, 389.82, 394.83, 400.87, 399.66, 396.16, 394.32, 391.41, 390.66, 390.79, 383.52, 386.18, 386.4, 399.29, 409.56, 412.41, 418.25, 416.28, 411.34, 407.58, 408.0, 396.82, 381.0, 374.14, 365.97, 376.49, 381.71, 374.9, 385.31, 388.05, 399.53, 407.81, 417.13, 420.96, 419.14, 425.77, 432.57, 431.43, 435.28, 435.02, 435.85, 436.56, 432.62, 436.25, 434.79, 435.54, 430.65, 422.04, 420.45, 425.22]}