{"rewards": [2.238095238095238, 2.159090909090909, 2.0, 1.8125, 1.65, 1.56, 1.67, 1.72, 1.76, 1.72, 1.83, 1.78, 1.88, 1.94, 1.85, 2.0, 2.04, 2.18, 2.11, 1.88, 1.84, 1.71, 1.92, 2.18, 2.13, 2.26, 2.15, 2.38, 2.69, 3.47, 4.23, 4.59, 5.28, 5.73, 6.07, 6.13, 5.84, 5.84, 5.8, 5.68, 5.8, 6.01, 5.97, 6.11, 5.94, 6.01, 6.05, 5.83, 5.63, 5.83, 5.98, 5.9, 5.9, 6.02, 6.25, 6.59, 6.81, 6.63, 6.8, 7.18, 7.23, 7.42, 7.72, 7.98, 8.0, 8.17, 8.48, 8.79, 9.05, 9.09, 9.24, 9.37, 9.37, 9.41, 9.56, 9.81, 9.7, 9.6, 9.42, 9.34, 9.25, 9.27, 9.14, 9.1, 8.94, 9.05, 8.77, 8.71, 8.75, 8.81, 9.02, 9.21, 9.42, 9.56, 9.74, 9.64, 9.68, 9.92, 10.07, 10.27, 9.9, 10.27, 10.03, 9.99, 9.87, 10.07, 9.96, 10.18, 10.31, 10.35, 10.37, 10.42, 10.55, 10.85, 11.06, 11.04, 11.11, 11.12, 10.96, 10.78, 10.79, 11.07, 11.24, 11.13, 11.07, 11.14, 11.27, 11.17, 11.16, 11.39, 11.6, 11.77, 11.8, 11.84, 11.84, 11.85, 11.71, 11.62, 11.57, 11.93, 12.1, 12.19, 12.1, 12.02, 11.9, 11.59, 11.27, 11.31, 11.46, 11.34, 11.17, 11.37, 11.07, 10.83, 10.94, 11.02, 11.12, 11.39, 11.69, 11.79, 12.14, 12.07, 12.31, 11.94, 12.36, 12.32, 12.16, 11.94, 11.38, 10.93, 10.77, 10.68, 10.57, 10.44, 10.49, 10.36, 10.39, 10.78, 10.81, 11.21, 11.28, 11.46, 11.32, 11.45, 11.48, 11.59, 11.96, 11.75, 11.6, 11.47, 11.58, 11.63, 11.59, 11.77, 11.92, 11.82, 11.64, 11.54, 11.37, 11.47], "episode_lengths": [248.1904761904762, 246.63636363636363, 241.08695652173913, 234.41666666666666, 229.03, 226.53, 230.38, 232.44, 234.4, 232.79, 235.58, 234.6, 235.66, 236.25, 232.78, 234.89, 234.25, 238.12, 236.17, 231.0, 232.45, 230.37, 236.1, 241.11, 238.65, 246.35, 242.98, 249.99, 263.92, 283.38, 304.75, 310.55, 326.98, 336.61, 340.33, 336.08, 327.93, 331.05, 324.73, 326.98, 330.62, 339.31, 341.77, 350.3, 342.87, 348.14, 349.71, 344.93, 343.62, 345.62, 349.93, 348.92, 352.63, 354.85, 363.8, 378.04, 383.27, 381.38, 389.33, 403.67, 406.77, 412.4, 425.41, 434.54, 433.19, 442.34, 451.25, 460.27, 465.97, 465.97, 469.16, 473.86, 475.3, 477.67, 482.82, 487.25, 490.06, 490.26, 490.41, 487.76, 487.69, 488.68, 483.06, 478.29, 476.6, 478.93, 468.29, 468.28, 467.74, 471.05, 475.29, 476.73, 485.02, 485.65, 489.38, 486.04, 486.76, 489.66, 489.15, 493.77, 483.72, 496.38, 491.49, 490.04, 491.29, 498.78, 493.24, 497.82, 504.17, 508.17, 505.11, 509.78, 508.82, 517.7, 520.86, 525.76, 530.13, 531.04, 530.31, 526.0, 523.45, 534.22, 538.0, 535.15, 533.86, 537.64, 535.32, 528.41, 522.64, 529.74, 535.65, 537.78, 538.73, 541.79, 542.63, 544.66, 539.77, 534.54, 534.81, 546.33, 548.79, 551.96, 547.75, 550.01, 547.31, 540.21, 530.55, 531.99, 534.81, 536.26, 530.16, 536.14, 529.77, 521.4, 521.49, 522.18, 522.49, 526.5, 532.52, 531.83, 541.48, 537.62, 543.68, 535.11, 547.18, 552.29, 547.01, 542.53, 527.03, 519.59, 516.01, 516.61, 510.94, 507.01, 506.09, 504.02, 502.01, 511.49, 513.64, 525.23, 527.72, 531.22, 533.3, 536.87, 538.55, 541.54, 551.9, 545.13, 542.28, 539.46, 541.99, 543.73, 544.2, 548.25, 549.11, 550.02, 545.7, 541.08, 535.06, 540.42]}