{"rewards": [2.238095238095238, 2.159090909090909, 2.0, 1.8125, 1.65, 1.56, 1.67, 1.72, 1.76, 1.72, 1.73, 1.78, 1.83, 1.94, 2.0, 2.15, 2.26, 2.39, 2.45, 2.9, 3.12, 3.48, 3.8, 4.13, 4.49, 4.57, 4.79, 5.05, 5.44, 5.76, 6.28, 6.94, 7.25, 7.63, 8.18, 8.64, 8.98, 9.28, 9.64, 9.88, 9.93, 9.61, 9.53, 9.59, 9.63, 9.57, 9.65, 9.33, 9.14, 9.35, 9.27, 9.37, 9.54, 9.34, 9.34, 9.37, 9.4, 9.85, 9.9, 9.71, 9.94, 10.01, 10.19, 10.58, 10.93, 11.13, 11.22, 10.94, 11.2, 11.47, 11.63, 11.87, 11.64, 11.57, 11.71, 11.74, 11.35, 11.21, 11.17, 11.35, 11.19, 10.74, 10.56, 10.56, 10.64, 10.15, 10.2, 10.36, 10.39, 10.49, 10.33, 10.53, 10.71, 10.86, 10.95, 10.93, 10.92, 11.24, 11.25, 11.12, 11.2, 11.18, 11.07, 11.02, 11.06, 11.11, 10.96, 11.37, 11.5, 11.54, 11.39, 11.55, 11.81, 11.9, 11.72, 11.85, 11.86, 11.91, 11.93, 11.73, 11.77, 11.76, 11.73, 11.87, 11.71, 11.6, 11.81, 11.72, 11.71, 11.4, 11.76, 11.78, 11.71, 11.53, 11.67, 11.6, 11.78, 11.95, 11.73, 11.65, 11.71, 12.17, 12.04, 12.08, 12.38, 12.16, 12.1, 12.16, 11.95, 12.14, 11.98, 12.13, 12.2, 12.01, 12.01, 11.82, 11.8, 11.65, 11.75, 11.66, 12.04, 11.93, 12.08, 12.19, 11.99, 12.11, 12.46, 12.35, 12.39, 12.51, 12.6, 12.81, 13.07, 12.88, 12.88, 12.81, 12.86, 13.22, 12.79, 12.7, 12.89, 12.97, 13.08, 13.09, 12.95, 12.66, 12.62, 12.77, 12.67, 12.44, 12.48, 12.98, 12.73, 12.63, 12.76, 13.09, 12.92, 13.17, 13.42, 13.58], "episode_lengths": [248.1904761904762, 246.63636363636363, 241.08695652173913, 234.41666666666666, 229.03, 226.53, 230.38, 232.44, 234.4, 232.79, 231.83, 232.51, 232.81, 233.55, 235.67, 239.24, 244.06, 248.47, 249.12, 260.33, 264.28, 273.84, 281.86, 293.5, 305.39, 309.8, 321.57, 332.37, 345.94, 360.06, 377.38, 400.05, 409.95, 420.8, 439.75, 454.13, 465.99, 477.94, 491.11, 499.21, 500.57, 491.42, 492.67, 495.23, 492.92, 492.83, 495.74, 484.87, 479.31, 483.29, 480.12, 483.95, 485.86, 475.51, 474.72, 475.04, 475.57, 487.29, 484.25, 475.95, 479.63, 481.7, 487.8, 498.09, 508.62, 518.17, 523.68, 516.94, 523.13, 528.54, 535.07, 542.49, 540.03, 541.39, 548.56, 549.83, 539.61, 535.61, 534.02, 539.21, 536.96, 528.97, 524.68, 525.81, 527.18, 508.58, 505.53, 512.87, 513.0, 519.96, 517.48, 516.99, 523.47, 526.11, 528.69, 523.66, 525.98, 535.92, 537.97, 533.44, 529.6, 527.95, 524.16, 522.81, 526.1, 528.45, 522.4, 532.9, 537.52, 536.49, 530.87, 532.57, 544.19, 545.25, 544.1, 546.34, 544.39, 548.46, 550.96, 543.12, 546.26, 545.47, 543.9, 550.35, 547.91, 542.79, 547.94, 547.95, 550.58, 540.19, 549.98, 552.29, 544.44, 541.45, 546.07, 543.61, 546.46, 551.47, 548.8, 548.24, 551.55, 561.95, 556.91, 559.63, 567.96, 565.91, 563.85, 567.56, 563.29, 569.67, 563.7, 568.48, 568.82, 565.6, 564.47, 560.07, 559.93, 558.46, 561.15, 558.01, 565.09, 560.53, 565.59, 566.19, 558.96, 560.29, 568.88, 567.17, 569.11, 572.21, 573.9, 581.77, 591.39, 587.97, 587.82, 587.78, 589.88, 596.55, 585.23, 583.15, 585.81, 588.69, 591.9, 593.33, 587.59, 576.12, 576.5, 580.87, 578.37, 572.11, 575.87, 582.46, 576.96, 576.93, 578.81, 588.35, 582.37, 589.51, 596.08, 602.69]}