{"rewards": [2.238095238095238, 2.159090909090909, 2.0, 1.8125, 1.65, 1.56, 1.67, 1.72, 1.76, 1.72, 1.67, 1.67, 1.77, 1.96, 2.16, 2.42, 2.66, 2.6, 2.64, 2.84, 2.82, 2.82, 2.96, 3.07, 3.12, 3.3, 3.5, 3.79, 3.74, 3.88, 3.98, 4.07, 4.07, 4.1, 4.4, 4.35, 4.44, 4.55, 4.68, 4.83, 4.85, 4.6, 4.71, 4.71, 4.82, 4.72, 4.99, 5.38, 5.14, 5.19, 4.89, 4.54, 4.33, 4.47, 4.67, 4.54, 4.72, 4.84, 5.27, 5.07, 5.03, 5.11, 5.09, 5.26, 5.34, 5.27, 5.18, 5.25, 5.53, 5.37, 4.95, 5.11, 5.09, 4.84, 4.52, 4.5, 4.52, 4.32, 4.38, 4.7, 4.57, 4.64, 4.8, 4.72, 4.85, 4.96, 5.27, 5.35, 5.25, 5.26, 4.89, 4.83, 4.52, 4.04, 4.03, 4.3, 4.47, 4.76, 5.02, 5.57, 5.68, 5.79, 5.7, 5.5, 5.68, 5.31, 5.36, 5.1, 4.8, 4.88, 4.87, 5.09, 5.17, 5.29, 5.56, 5.26, 5.12, 4.72, 4.61, 4.71, 4.61, 4.83, 4.72, 4.69, 4.86, 4.6, 4.53, 4.48, 4.7, 4.85, 4.63, 4.9, 5.02, 5.26, 5.02, 5.06, 5.47, 5.26, 5.05, 4.8, 4.61, 4.68, 4.57, 4.72, 4.95, 4.9, 5.18, 4.93, 4.5, 4.31, 4.11, 4.17, 3.95, 4.16, 4.53, 4.96, 5.16, 4.86, 5.21, 5.46, 5.47, 5.0, 4.83, 5.08, 5.0, 4.84, 4.78, 4.76, 4.5, 4.61, 4.56, 4.36, 4.24, 4.42, 4.49, 4.39, 4.58, 4.73, 4.64, 4.7, 4.87, 4.79, 4.67, 4.84, 4.88, 4.17, 4.02, 4.13, 4.07, 4.22, 4.58, 4.93, 5.02, 4.87, 4.52, 4.3, 4.14, 4.22, 4.14, 4.49], "episode_lengths": [248.1904761904762, 246.63636363636363, 241.08695652173913, 234.41666666666666, 229.03, 226.53, 230.38, 232.44, 234.4, 232.79, 229.19, 228.74, 231.21, 236.66, 244.2, 253.02, 258.83, 254.48, 252.36, 258.23, 255.9, 258.91, 262.58, 265.65, 262.98, 267.43, 270.66, 277.94, 276.69, 280.96, 282.46, 280.13, 279.7, 279.96, 287.05, 288.89, 294.87, 297.77, 296.82, 299.83, 304.27, 299.11, 297.67, 301.06, 307.31, 303.03, 305.05, 310.01, 308.6, 308.52, 302.93, 298.15, 296.53, 301.27, 305.21, 299.93, 305.71, 309.64, 318.97, 314.73, 311.93, 313.91, 309.72, 308.92, 308.19, 306.6, 307.24, 305.64, 312.8, 311.77, 297.72, 302.24, 303.1, 298.86, 291.26, 295.62, 301.57, 294.12, 296.14, 302.81, 297.78, 302.41, 302.97, 304.8, 303.89, 305.76, 313.45, 313.63, 314.09, 310.7, 306.08, 307.94, 302.19, 288.91, 287.44, 289.26, 294.47, 298.83, 302.38, 317.37, 322.69, 326.09, 329.25, 325.92, 329.71, 326.19, 326.72, 316.47, 307.05, 307.04, 308.35, 311.1, 312.39, 315.54, 322.14, 312.2, 313.88, 299.89, 303.09, 302.45, 303.74, 306.17, 299.5, 302.97, 306.78, 302.26, 298.15, 301.2, 305.41, 306.49, 300.79, 307.76, 311.89, 315.86, 308.19, 305.67, 314.94, 308.77, 301.71, 294.53, 290.63, 294.51, 295.68, 299.56, 306.62, 308.76, 315.91, 307.84, 290.64, 285.09, 280.83, 281.68, 277.06, 284.93, 299.72, 310.45, 313.94, 308.21, 319.04, 322.9, 324.58, 311.83, 309.99, 313.99, 308.13, 305.88, 303.08, 304.68, 297.11, 302.49, 301.82, 293.67, 293.05, 297.19, 303.27, 296.09, 297.08, 304.97, 298.15, 301.69, 300.15, 297.38, 296.12, 300.78, 303.36, 288.24, 288.06, 287.22, 286.06, 284.28, 288.8, 297.42, 299.53, 300.27, 295.84, 292.61, 291.26, 295.52, 292.33, 302.32]}