{"rewards": [2.238095238095238, 2.159090909090909, 2.0, 1.8125, 1.65, 1.56, 1.67, 1.72, 1.76, 1.72, 1.69, 1.94, 2.14, 2.27, 2.43, 2.54, 2.45, 2.47, 2.63, 2.55, 2.73, 3.13, 3.87, 4.33, 4.56, 5.07, 5.28, 5.35, 5.4, 5.51, 6.0, 6.4, 6.88, 7.35, 7.73, 8.16, 8.67, 9.45, 9.72, 9.88, 10.15, 10.14, 10.22, 10.01, 9.76, 9.56, 9.01, 8.45, 8.5, 8.68, 8.96, 8.96, 9.04, 9.3, 9.44, 9.93, 10.32, 10.51, 10.99, 11.29, 11.33, 11.7, 12.02, 12.34, 12.33, 12.08, 12.15, 11.88, 11.81, 11.71, 11.77, 11.93, 11.71, 11.43, 11.52, 11.41, 11.53, 11.44, 11.33, 11.52, 11.8, 11.67, 11.54, 11.25, 11.2, 11.05, 11.2, 11.28, 11.33, 11.52, 11.76, 11.87, 11.9, 11.97, 12.32, 12.5, 12.86, 12.95, 12.6, 12.6, 12.37, 12.43, 12.25, 11.93, 12.05, 12.06, 11.79, 11.79, 11.75, 11.63, 11.66, 11.66, 11.77, 11.94, 12.23, 12.36, 12.69, 12.54, 12.73, 12.68, 12.65, 12.78, 12.75, 12.89, 13.11, 13.35, 13.24, 13.18, 13.1, 12.9, 13.05, 13.05, 12.98, 13.02, 13.04, 13.17, 13.12, 13.04, 12.73, 12.71, 12.69, 12.7, 12.61, 12.69, 12.56, 12.51, 12.41, 12.31, 12.3, 12.06, 11.94, 11.6, 11.62, 11.61, 11.72, 11.61, 11.66, 11.73, 11.76, 11.86, 11.86, 11.83, 11.93, 11.95, 12.24, 12.21, 12.4, 12.49, 12.48, 12.39, 12.61, 12.61, 12.57, 12.68, 13.19, 13.13, 13.43, 13.39, 13.45, 13.64, 13.73, 13.64, 13.76, 13.82, 13.69, 13.82, 13.84, 13.64, 13.94, 13.82, 13.96, 14.05, 13.7, 13.64, 13.86, 14.02, 14.01, 14.19, 14.15, 14.16], "episode_lengths": [248.1904761904762, 246.63636363636363, 241.08695652173913, 234.41666666666666, 229.03, 226.53, 230.38, 232.44, 234.4, 232.79, 229.39, 235.88, 239.47, 240.8, 247.43, 250.64, 249.21, 249.36, 255.34, 252.49, 259.87, 272.11, 290.28, 301.76, 308.73, 321.81, 326.73, 328.14, 334.73, 341.74, 357.96, 373.85, 390.2, 407.6, 420.92, 439.23, 454.54, 476.46, 483.91, 490.83, 500.55, 502.73, 506.52, 501.67, 497.29, 487.9, 472.48, 462.23, 461.88, 464.89, 472.36, 473.78, 471.0, 474.15, 474.48, 482.51, 499.18, 503.08, 511.87, 521.16, 525.2, 530.81, 535.49, 540.86, 540.46, 536.67, 540.29, 535.39, 531.04, 529.33, 530.16, 531.37, 527.32, 527.9, 530.22, 527.33, 529.12, 526.78, 527.98, 531.21, 542.03, 540.08, 537.24, 534.5, 532.95, 529.67, 533.63, 537.56, 538.82, 543.8, 549.63, 553.58, 551.4, 552.34, 557.0, 560.84, 568.98, 571.56, 562.51, 560.0, 557.07, 558.32, 553.81, 547.92, 550.03, 552.27, 551.39, 554.52, 552.65, 551.99, 554.33, 554.86, 558.93, 563.4, 567.75, 567.41, 575.62, 571.99, 574.1, 569.79, 568.36, 568.13, 565.57, 573.27, 576.97, 584.41, 582.26, 581.81, 580.2, 580.28, 582.5, 585.32, 587.88, 589.48, 593.57, 596.87, 594.56, 591.72, 579.59, 578.06, 579.19, 578.65, 574.76, 573.71, 568.61, 564.77, 561.47, 556.53, 559.22, 557.07, 557.63, 552.48, 554.73, 552.92, 555.19, 554.57, 556.55, 560.83, 563.74, 567.93, 567.77, 564.75, 568.32, 569.57, 575.32, 577.48, 580.36, 584.11, 584.26, 582.88, 585.19, 586.45, 588.34, 590.73, 603.31, 600.51, 610.39, 605.84, 605.27, 609.46, 610.31, 606.08, 609.08, 610.97, 608.9, 611.59, 608.96, 607.01, 612.54, 607.52, 607.85, 614.26, 607.47, 607.89, 615.86, 618.29, 618.53, 620.75, 618.94, 617.97]}