{"rewards": [2.238095238095238, 2.159090909090909, 2.0, 1.8125, 1.65, 1.56, 1.67, 1.72, 1.76, 1.72, 1.71, 1.8, 1.77, 1.79, 1.75, 1.84, 1.91, 1.85, 1.78, 1.64, 1.55, 1.65, 1.68, 1.88, 2.19, 2.37, 2.36, 2.53, 2.44, 2.33, 2.36, 2.19, 2.27, 2.28, 2.42, 2.45, 2.76, 2.73, 2.59, 2.72, 2.9, 2.79, 2.89, 3.12, 3.11, 3.1, 3.24, 3.42, 3.65, 3.72, 3.77, 3.8, 3.95, 3.91, 3.88, 3.89, 4.15, 4.19, 4.22, 4.42, 4.37, 4.32, 4.29, 4.26, 4.35, 4.49, 4.66, 4.7, 4.93, 5.01, 4.96, 4.88, 4.84, 4.52, 4.56, 4.67, 4.56, 4.87, 4.97, 5.09, 5.42, 5.58, 5.83, 5.74, 5.79, 5.85, 5.87, 6.05, 6.07, 6.23, 6.25, 6.29, 6.77, 7.16, 7.25, 7.53, 7.76, 7.92, 8.11, 8.14, 8.24, 8.38, 8.18, 8.19, 8.54, 8.47, 8.39, 8.52, 8.78, 9.1, 9.32, 9.26, 9.1, 9.19, 9.21, 9.24, 9.37, 9.07, 8.81, 8.75, 8.8, 8.97, 9.01, 9.17, 9.05, 9.22, 9.17, 9.33, 9.41, 9.22, 9.09, 9.04, 9.07, 9.45, 9.54, 9.48, 9.71, 9.77, 9.83, 9.93, 10.26, 10.39, 10.39, 10.34, 10.01, 9.9, 10.12, 9.98, 9.85, 9.61, 9.52, 9.52, 9.54, 9.71, 9.94, 10.0, 10.18, 10.08, 10.28, 10.27, 10.27, 10.62, 10.59, 10.46, 10.45, 10.58, 10.52, 10.63, 10.58, 10.64, 10.72, 10.73, 10.46, 10.32, 10.49, 10.39, 10.12, 10.26, 10.21, 10.49, 10.51, 10.48, 10.88, 10.63, 10.95, 10.83, 10.82, 11.07, 10.95, 10.77, 10.5, 10.21, 10.14, 10.0, 10.32, 10.06, 10.01, 10.05, 10.08, 10.14], "episode_lengths": [248.1904761904762, 246.63636363636363, 241.08695652173913, 234.41666666666666, 229.03, 226.53, 230.38, 232.44, 234.4, 232.79, 232.02, 235.51, 233.61, 233.64, 231.52, 234.53, 236.97, 234.04, 231.13, 225.87, 223.0, 228.21, 228.84, 236.2, 249.32, 255.33, 252.84, 260.33, 256.33, 252.2, 254.73, 248.62, 249.82, 251.73, 254.19, 255.73, 267.48, 267.27, 259.77, 265.54, 271.2, 266.97, 270.44, 280.72, 279.8, 279.64, 285.04, 292.06, 300.95, 303.03, 304.92, 306.79, 312.82, 310.31, 309.81, 309.93, 319.69, 318.42, 318.21, 325.38, 323.54, 320.93, 321.04, 321.66, 326.77, 330.75, 336.73, 338.66, 348.06, 351.34, 347.25, 344.51, 345.61, 332.35, 333.49, 337.07, 332.3, 343.58, 346.55, 351.83, 364.99, 368.7, 378.6, 373.28, 376.17, 380.16, 380.04, 387.43, 388.05, 393.88, 395.37, 396.17, 411.01, 417.89, 419.91, 430.07, 436.75, 442.51, 447.55, 450.09, 451.8, 455.44, 454.44, 455.8, 469.09, 464.99, 459.2, 461.02, 470.75, 477.77, 479.91, 481.09, 475.94, 479.74, 481.04, 480.68, 485.7, 478.31, 469.88, 470.87, 477.66, 483.26, 484.05, 485.94, 478.71, 485.72, 485.61, 489.26, 495.68, 486.61, 478.67, 477.49, 477.59, 487.67, 491.55, 491.26, 497.89, 497.38, 499.83, 501.8, 511.77, 519.24, 518.48, 519.74, 511.89, 510.72, 515.4, 512.75, 510.77, 502.5, 502.02, 502.23, 505.35, 513.27, 515.45, 516.88, 518.61, 518.9, 523.35, 522.4, 523.88, 533.05, 531.35, 524.88, 523.92, 526.49, 523.17, 525.43, 524.4, 524.18, 523.39, 523.61, 515.4, 513.21, 517.15, 509.7, 503.85, 508.62, 510.26, 518.46, 517.58, 517.69, 528.51, 523.11, 529.93, 524.43, 525.73, 533.44, 531.91, 528.96, 520.47, 513.0, 513.96, 507.95, 515.38, 512.09, 513.33, 516.56, 517.52, 514.13]}