{"rewards": [2.238095238095238, 2.159090909090909, 2.0, 1.8125, 1.65, 1.56, 1.67, 1.72, 1.76, 1.72, 1.61, 1.8, 1.93, 2.11, 2.19, 2.17, 2.21, 2.0, 2.07, 2.33, 2.67, 3.06, 3.68, 4.31, 4.99, 5.39, 5.94, 6.39, 6.79, 6.98, 7.25, 7.57, 7.89, 8.09, 8.38, 8.73, 9.03, 9.26, 9.42, 9.76, 10.23, 10.47, 10.65, 10.82, 10.93, 11.05, 11.15, 11.1, 11.05, 10.83, 10.79, 10.83, 10.69, 10.49, 10.49, 10.63, 10.48, 10.47, 10.31, 10.56, 10.63, 10.92, 10.5, 10.58, 10.69, 10.62, 10.42, 10.49, 10.55, 10.92, 10.95, 11.06, 10.96, 11.16, 11.3, 11.43, 11.45, 11.72, 11.93, 11.99, 12.03, 11.74, 11.77, 11.67, 11.67, 11.89, 11.82, 11.94, 11.69, 11.33, 11.29, 11.03, 10.93, 10.66, 10.68, 10.37, 10.21, 10.4, 10.31, 10.46, 10.78, 10.55, 10.61, 10.8, 11.1, 11.14, 11.32, 11.45, 11.68, 11.69, 11.65, 11.51, 11.52, 11.81, 11.85, 11.92, 11.94, 11.86, 11.83, 11.71, 11.51, 11.31, 11.28, 11.35, 11.16, 11.24, 11.46, 11.51, 11.49, 11.74, 11.91, 12.07, 12.14, 12.31, 12.58, 12.5, 12.59, 12.7, 12.74, 12.78, 12.92, 12.83, 12.85, 12.98, 12.98, 13.22, 13.43, 13.48, 13.57, 13.92, 13.96, 13.78, 13.97, 13.94, 13.98, 14.26, 14.23, 13.82, 13.85, 13.7, 13.69, 13.77, 14.03, 13.84, 13.92, 14.26, 14.21, 14.16, 14.0, 13.76, 13.86, 13.93, 13.84, 13.63, 13.77, 13.62, 13.39, 13.47, 13.39, 13.41, 13.47, 13.52, 13.72, 13.81, 13.66, 13.72, 13.98, 14.31, 13.94, 13.87, 13.98, 13.98, 13.84, 13.93, 14.14, 14.26, 14.12, 14.09, 14.21, 14.24], "episode_lengths": [248.1904761904762, 246.63636363636363, 241.08695652173913, 234.41666666666666, 229.03, 226.53, 230.38, 232.44, 234.4, 232.79, 227.07, 230.11, 233.01, 237.47, 241.47, 242.89, 245.35, 240.42, 242.53, 250.9, 257.83, 268.13, 285.39, 295.04, 311.3, 321.16, 336.71, 350.45, 363.94, 374.35, 384.09, 401.16, 413.41, 424.48, 439.46, 452.65, 465.8, 475.39, 481.8, 493.45, 505.92, 514.53, 519.27, 529.25, 529.19, 530.13, 530.54, 525.23, 523.79, 518.63, 517.71, 520.14, 514.99, 508.42, 505.24, 511.22, 507.18, 507.52, 504.56, 509.79, 513.74, 519.32, 506.07, 507.19, 510.9, 507.51, 503.25, 502.7, 501.87, 509.22, 511.65, 513.46, 513.41, 519.97, 527.78, 531.41, 535.18, 543.88, 547.55, 551.85, 554.4, 546.51, 546.28, 542.59, 542.65, 542.7, 539.23, 540.42, 530.71, 519.52, 522.67, 512.21, 513.34, 506.83, 507.68, 500.45, 498.41, 501.12, 504.78, 509.2, 519.46, 513.0, 518.36, 521.05, 531.07, 536.81, 543.6, 547.57, 551.89, 550.68, 550.34, 545.2, 541.83, 545.72, 546.38, 549.17, 546.28, 542.1, 542.28, 539.71, 537.73, 533.37, 532.44, 536.4, 534.81, 538.58, 542.48, 546.88, 550.57, 557.42, 560.42, 564.33, 569.52, 576.95, 583.28, 581.41, 582.87, 583.18, 588.23, 589.86, 593.28, 592.49, 593.57, 596.67, 599.01, 603.37, 606.73, 607.5, 609.62, 619.33, 622.71, 620.42, 624.79, 623.35, 623.43, 629.18, 631.35, 622.56, 620.0, 615.88, 615.23, 615.99, 622.29, 619.29, 621.1, 630.93, 628.22, 627.31, 625.87, 618.14, 619.41, 620.22, 616.87, 611.4, 614.05, 612.79, 604.55, 605.5, 604.28, 602.69, 604.76, 609.19, 613.78, 619.48, 615.94, 616.6, 625.89, 636.59, 626.61, 623.69, 632.2, 632.85, 626.28, 626.82, 631.5, 629.44, 622.09, 621.2, 624.26, 626.52]}